{
  "tarsali": [22.2528132, 73.2078106],
  "tandalja": [22.2891829, 73.1426941],
  "manjalpur": [22.2698329, 73.1867171],
  "waghodia": [22.296586, 73.2519618],
  "fatehgunj": [22.3266759, 73.1867181],
  "vadodara_airport": [22.3330319, 73.2203821],
  "bharuch": [21.692266, 72.9641771],
  "mohammedpura": [21.700135, 72.9748391],
  "bharuch_bus_depot": [21.717129, 72.9979951],
  "narmada_chowkdi": [21.730449, 73.0259641]
}
